requirement_id,requirement_group,original_requirement,implementation_status,implementation_location,test_or_evidence,artifact,score,weight,notes
REQ-01,Data Modeling,"Shared account inventory, user rosters, and role classification (permanent, consultant, intern, technician)",IMPLEMENTED,"src/data_models.py, src/generate_data.py",tests/test_attribution.py::test_normal_shared_account_attribution,data/raw/synthetic_hospital_data.csv,1.0,4.0,"18 staff across 4 roles, 6 shared accounts modeled and verified."
REQ-02,Data Modeling,Privileged and sensitive clinical action taxonomy with severity categorization,IMPLEMENTED,"src/data_models.py, src/generate_data.py",tests/test_attribution.py::test_metrics_calculation_formula,"data/raw/synthetic_hospital_data.csv, results/metrics_v2.csv",1.0,4.0,10 sensitive action types (205 clinical events) fully classified.
REQ-03,Delegation & Session,"Delegation state machine lifecycle (CREATED, ACTIVE, EXPIRED, REVOKED, CANCELLED)",IMPLEMENTED,src/delegation_lifecycle.py,tests/test_delegation_lifecycle.py (4 tests),results/scenario_validation.csv,1.0,5.0,"Full state transitions, temporal validity windows, revocation timestamps."
REQ-04,Delegation & Session,Session lifecycle management with configurable inactivity timeouts and explicit termination,IMPLEMENTED,src/session_lifecycle.py,tests/test_session_lifecycle.py (5 tests),results/scenario_validation.csv,1.0,4.0,"State machine with 30-min idle timeout, refresh, and termination."
REQ-05,Ingestion & Normalization,Common normalized event schema preserving raw evidence across 5 log streams,IMPLEMENTED,"src/normalization.py, src/multi_source_ingestion.py","src/multi_source_ingestion.py execution, src/hospital_scenarios.py",results/scenario_validation.csv,1.0,4.0,17-field NormalizedEvent schema with raw payload hashing.
REQ-06,Ingestion & Normalization,Separation of event timestamp and ingestion arrival timestamp with buffer ordering,IMPLEMENTED,src/ingestion_buffer.py,tests/test_ingestion_buffer.py::test_out_of_order_events_correctly_ordered,results/ingestion_buffer_benchmark.csv,1.0,5.0,Time-window priority queuing prevents out-of-order state corruption.
REQ-07,Ingestion & Normalization,Deduplication mechanism for redundant event arrival without corrupting identity,IMPLEMENTED,"src/ingestion_buffer.py, src/attribution_engine.py",tests/test_ingestion_buffer.py::test_buffer_duplicate_rejection,results/scenario_validation.csv,1.0,4.0,Deterministic hash deduplication rejecting redundant deliveries.
REQ-08,Reconciliation & Resilience,Retroactive re-evaluation of pending/ambiguous actions upon late delegation arrival (Review #1 Gap A),IMPLEMENTED,"src/ingestion_buffer.py, src/attribution_engine.py",tests/test_ingestion_buffer.py::test_late_delegation_reconciles_same_event_without_duplicate,results/review1_remediation_matrix.csv,1.0,6.0,100% reconciliation rate of delayed shift events without creating duplicates.
REQ-09,Reconciliation & Resilience,Telemetry stress testing and resilience degradation curves (Review #1 Gap B),IMPLEMENTED,src/telemetry_stress.py,tests/test_telemetry_degradation.py (5 tests),results/telemetry_degradation_v2.csv,1.0,6.0,Degradation curve across 6 loss levels (100% to 0% telemetry availability).
REQ-10,Attribution & Correlation,"Multi-source rule-based deterministic correlation across auth, delegation, session, and telemetry",IMPLEMENTED,"src/evidence_model.py, src/attribution_engine.py",tests/test_attribution.py::test_normal_shared_account_attribution,results/metrics_v2.csv,1.0,6.0,Non-opaque explainable rule chain producing dossier for every sensitive event.
REQ-11,Attribution & Correlation,"Explainable evidence model classifying signals into STRONG, SUPPORTING, MISSING, CONFLICTING, INSUFFICIENT",IMPLEMENTED,src/evidence_model.py,src/hospital_scenarios.py scenario execution,results/scenario_validation.csv,1.0,5.0,Dossier generated with candidate matching and explicit signal strength breakdown.
REQ-12,Attribution & Correlation,Quantified sensitive action attribution comparison against a simple un-contextualized baseline,IMPLEMENTED,"src/baseline.py, src/attribution_engine.py",tests/test_attribution.py::test_multiple_authorized_users_baseline_ambiguous,results/metrics_v2.csv,1.0,6.0,"Baseline attribution (43.90%) vs Prototype attribution (99.02%), +55.12% lift."
REQ-13,Attribution & Correlation,Conflict handling for overlapping active delegations without arbitrary selection,IMPLEMENTED,"src/evidence_model.py, src/attribution_engine.py",tests/test_escalation.py::test_conflicting_delegation_creates_escalation,results/scenario_validation.csv,1.0,5.0,Classifies action as AMBIGUOUS and routes to compliance escalation.
REQ-14,Audit & Integrity,Tamper-evident append-only audit trail with SHA-256 cryptographic linkage and verification,IMPLEMENTED,src/audit_chain.py,tests/test_audit_chain.py (4 tests),results/scenario_validation.csv,1.0,5.0,"Detects record modification, previous_hash breaking, and deletions/reordering."
REQ-15,Alerts & Monitoring,"Operational alerting with deduplication for expired/revoked delegations, off-hours, and suspicious use",IMPLEMENTED,src/alerts.py,tests/test_alerts.py (2 tests),results/scenario_validation.csv,1.0,4.0,"9 alert types, severity levels, deduplication keys, and lifecycle transitions."
REQ-16,Governance & Escalation,Human-in-the-loop escalation workflow for hospital compliance officers (Review #1 Gap C),IMPLEMENTED,src/escalation_service.py,tests/test_escalation.py (4 tests),"results/review1_remediation_matrix.csv, results/error_analysis_v2.csv",1.0,5.0,"Escalation lifecycle (OPEN, UNDER_REVIEW, RESOLVED, DISMISSED) with role-based decisions."
REQ-17,Validation & Benchmarking,"Realistic hospital scenarios validating normal, late, revoked, conflicting, and missing data cases",IMPLEMENTED,src/hospital_scenarios.py,src/hospital_scenarios.py execution (8 scenarios),results/scenario_validation.csv,1.0,4.0,8 distinct clinical scenarios executed and passed with full evidence.
REQ-18,Validation & Benchmarking,"Performance benchmarking under scaled synthetic loads up to 50,000+ events",IMPLEMENTED,src/performance_bench_v2.py,src/performance_bench_v2.py execution,results/performance_benchmark_v2.csv,1.0,4.0,"Benchmarked at 1k, 5k, 10k, 25k, 50k events; peak throughput 17,737 events/sec."
REQ-19,Validation & Benchmarking,"Data quality profiling (duplicate, out-of-order, late, malformed, missing-field rates)",IMPLEMENTED,src/data_quality.py,src/data_quality.py execution,results/data_quality_metrics.csv,1.0,3.0,9 quantified data quality dimensions computed across log records.
REQ-20,Validation & Benchmarking,Comprehensive error taxonomy and error analysis of ambiguous/unresolved actions,IMPLEMENTED,"src/telemetry_stress.py, results/error_analysis_v2.csv",tests/test_escalation.py,results/error_analysis_v2.csv,1.0,3.0,13 error taxonomy categories with incident-level candidate tracking.
REQ-21,User Interface & Usability,Interactive Streamlit multi-perspective compliance dashboard with live artifact binding,IMPLEMENTED,dashboard/app.py,Interactive web app & py_compile check,dashboard/app.py,1.0,5.0,17 target sections reading actual CSV/JSON results with role selector.
REQ-22,User Interface & Usability,Documented end-to-end usability walkthrough for simulated compliance review,IMPLEMENTED,docs/usability_walkthrough.md,docs/usability_walkthrough.md verification,docs/usability_walkthrough.md,1.0,2.0,12-step operator walkthrough covering triage to audit verification.
REQ-23,Ethics & Deployment,"Ethical scoping, evidentiary boundaries, and clinical accountability disclaimer",IMPLEMENTED,docs/ethics_and_limitations.md,docs/ethics_and_limitations.md verification,docs/ethics_and_limitations.md,1.0,2.0,10 ethical boundaries (attribution is not intent; synthetic data only).
REQ-24,Ethics & Deployment,Deployment readiness checklist distinguishing PoC boundaries from production requirements,IMPLEMENTED,docs/deployment_checklist.md,docs/deployment_checklist.md verification,docs/deployment_checklist.md,1.0,2.0,"Checklists for Data, Security, Operations, Governance, and Production Gaps."
REQ-25,Future Enterprise Production Scope,"Live Hospital EHR/EMR Integration (FHIR/HL7 APIs, PACS, real LDAP/AD directory syncing)",OUT_OF_SCOPE_POC,"docs/ethics_and_limitations.md, docs/deployment_checklist.md",Simulated local synthetic ingestion layer verified,docs/deployment_checklist.md,0.0,10.0,Appropriately deferred to enterprise deployment; strictly forbidden in academic PoC to prevent patient safety / HIPAA risk.
